"Post_ID","Title","Content","Author","Subreddit","Date","Num_Comments","URL","Keyword_Found","subreddit"
"nk4vu3","Trying to find a conservative leaning hospital in Chicago, Illinois","Hello,

&#x200B;

With the recent ""Covair"" sickness hoax, many left-leaning hospitals are pushing microchip implanted vaccines on unsuspecting dems. I have no desire to do medical business with this bunch of lemming-like victims of corporate medical nazism, so if anyone could suggest hospitals that avoid being ""covair pushers"" it would be greatly appreciated!","user_visionary77","hospitals","2021-05-24 18:35:59","13","https://www.reddit.com/r/hospitals/comments/nk4vu3/trying_to_find_a_conservative_leaning_hospital_in/","True","hospitals"
"mw6618","Lawmakers want to expand role of hospitals in preventing violence","[https://cnsmaryland.org/2021/04/21/lawmakers-want-to-expand-role-of-hospitals-in-preventing-violence/](https://cnsmaryland.org/2021/04/21/lawmakers-want-to-expand-role-of-hospitals-in-preventing-violence/)","user_CNSMaryland","hospitals","2021-04-22 14:36:55","0","https://www.reddit.com/r/hospitals/comments/mw6618/lawmakers_want_to_expand_role_of_hospitals_in/","True","hospitals"
"kk207b","‚ÄúMcKenzie Health Hospital‚Äù in Richmond Hill. What was your experience? Ours is shi..y.","We took our father to McKenzie Health Hospital. I have been to a few hospitals and always have had high regard for nurses and doctors for their job is really hard; but this experience showed us not all of them are the same.

- A lot of neglect. An example is: they would leave the food in the room and although my father cannot reach the food, they wouldn‚Äôt help him and he has missed breakfast and lunches because of this. And they don‚Äôt even allow family member to be with the patient to help him (with COVID excuse)

- they inserted catheter and caused infection. 

- When you ask a nurse something, their first answer is I don‚Äôt know! Are you kidding me? If you don‚Äôt know, read the notes and then answer. I don‚Äôt know means I‚Äôm not responsible. Very frustrating.

- The garbage bins are always full, floor is dirty and in a few days that we were there no one cleaned the bathroom or the floor. Very very dirty place.

- Doctors don‚Äôt tell you when they will visit. It might take 2 days for a doctor to come. Very frustrating. The general feeling about the doctors is that they are novice and it is very hard trusting them. 

I believe all this comes from management and how careless they are to how their personnel treat their patients.

[View Poll](https://www.reddit.com/poll/kk207b)","user_f-sol","hospitals","2020-12-25 16:50:03","9","https://www.reddit.com/r/hospitals/comments/kk207b/mckenzie_health_hospital_in_richmond_hill_what/","True","hospitals"
"kaukkg","More than a third of Americans live in areas where hospitals have run out of ICU beds. Check your county's hospitals' capacity here.","","user_jsalsman","hospitals","2020-12-11 03:19:24","0","https://www.npr.org/sections/health-shots/2020/12/09/944379919/new-data-reveal-which-hospitals-are-dangerously-full-is-yours","True","hospitals"
"jqxsrp","Pneumatic Tube Systems in Hospitals"," 

Hello all!

I  have taken an interest in the design of pneumatic tube systems and  wanted to know if someone could tell me if these systems are still used  in hospitals and if they are, how common they are.

For  some reason I think of pneumatic tubes as not in use anymore alsthough I  have no evidence for that, if anyone could help me out that would be  greatly appreciated!

Cheers!","user_SkullChalice","hospitals","2020-11-09 13:42:19","1","https://www.reddit.com/r/hospitals/comments/jqxsrp/pneumatic_tube_systems_in_hospitals/","True","hospitals"
"izdup1","Stork Hospital is a multi-specialty","Stork Hospital is a multi-specialty healthcare provider which aims to deliver a hassle free surgical experience to all patients by leveraging technology, and a set of advanced operations and powerful processes. [Stork Hospital is a multi-specialty](http://www.storkhospitals.com/)

https://preview.redd.it/cwc36h14c8p51.jpg?width=460&format=pjpg&auto=webp&s=1232a4405d2698b37856fcda9999c5dafa571b84","user_Storkjavid","hospitals","2020-09-25 05:33:04","1","https://www.reddit.com/r/hospitals/comments/izdup1/stork_hospital_is_a_multispecialty/","True","hospitals"
"izdiyt","Fuck hospitals lately","A whole scam that charges you for every tiny thing and everything's thousands of dollars, oh also when your girlfriend is pregnant but you've never seen a single fucking ultrasound as the father because they wont let you back with her. Yeah","user_pompa_tj","hospitals","2020-09-25 05:07:26","1","https://www.reddit.com/r/hospitals/comments/izdiyt/fuck_hospitals_lately/","True","hospitals"
"hq8ttc","[OC] Intensive care unit hospital bed utilization in the US and selected states","","user_jsalsman","hospitals","2020-07-13 04:31:56","1","https://i.redd.it/sfoue2skwja51.png","True","hospitals"
"h8ntet","Do all hospitals still not allowed non-sick people (e.g., family members) to come these days?","Just curious.","user_antdude","hospitals","2020-06-14 05:16:03","0","https://www.reddit.com/r/hospitals/comments/h8ntet/do_all_hospitals_still_not_allowed_nonsick_people/","True","hospitals"
"g7a28i","[OC] Comparison of wait times at Stanford Medical Center's emergency room with El Camino Hospital in Mountain View, California","","user_jsalsman","hospitals","2020-04-24 15:10:35","0","https://i.redd.it/qxmyx04j0ru41.png","True","hospitals"
"fxjgun","How to Help Your Hospital (Fight COVID-19 Locally) - Smarter Every Day 233","","user_antdude","hospitals","2020-04-09 01:44:15","0","http://www.youtube.com/watch?v=sbEj7M3aZIg","True","hospitals"
"ft3yl6","How Diligent's Robots Are Making a Difference in Texas Hospitals","","user_key_info","hospitals","2020-04-01 17:17:04","0","https://spectrum.ieee.org/automaton/robotics/medical-robots/how-diligents-robots-are-making-a-difference-in-texas-hospitals","True","hospitals"
"fmumr1","Medical Supplies Available!","Hey guys, I have access to bulk(5 million/week) medical supplies including surgical masks, n95, goggles, gloves and more. Email:jasmine@thesimplexsolution.com for hospitals in need of immediate supplies (1-4 day turnaround).","user_ApplesMc","hospitals","2020-03-22 05:20:42","0","https://www.reddit.com/r/hospitals/comments/fmumr1/medical_supplies_available/","True","hospitals"
"fgzm16","What is your facility doing to improve HCAHPS Scores?","Hello Reddit readers! 

what is your Hospital doing to Improve HCAHPS Scores?","user_Minute_Recognition","hospitals","2020-03-11 16:12:50","0","https://www.reddit.com/r/hospitals/comments/fgzm16/what_is_your_facility_doing_to_improve_hcahps/","True","hospitals"
"fdrakw","Need review: Writing a business plan to help hospitals increase their revenue","I'm working on a business plan tied to Revenue Cycle Management. The platform would help doctors and hospitals maximize their billing and minimize their denial rate. Looking for a professional review of the flowchart to ensure that it's accurate. Thank you in advance.","user_ndasmith","hospitals","2020-03-05 06:39:55","0","https://www.reddit.com/r/hospitals/comments/fdrakw/need_review_writing_a_business_plan_to_help/","True","hospitals"
"f3n1ip","Listing of US hospitals","","user_DaDaDaonald","hospitals","2020-02-14 04:43:59","0","https://doc.directory/hospitals","True","hospitals"
"ednkid","Can my primary care physician access my medical records and recent bloodwork at a different hospital or even a random lab using my MRN?","","user_mobco","hospitals","2019-12-21 08:33:57","0","https://www.reddit.com/r/hospitals/comments/ednkid/can_my_primary_care_physician_access_my_medical/","True","hospitals"
"edmcpy","Mayom Hospital | Best Hospital in Gurgaon Haryana","","user_MayomHospital12","hospitals","2019-12-21 06:15:21","0","https://www.mayomhospital.com/index.php","True","hospitals"
"edm5n8","Mayom Hospital - Best Delivery Hospital in Gurgaon","","user_MayomHospital12","hospitals","2019-12-21 05:55:44","0","https://www.mayomhospital.com/gynecology.php","True","hospitals"
"edm1p8","Ear Nose Piercing in Gurgaon | Mayom Hospital","","user_MayomHospital12","hospitals","2019-12-21 05:44:37","0","https://www.entgurgaon.com/","True","hospitals"
"edlvx6","Mayom Hospital | Pediatric ENT in Gurgaon","","user_MayomHospital12","hospitals","2019-12-21 05:29:07","0","https://www.mayomhospital.com/ent-head-neck-surgery.php","True","hospitals"
"edlra3","ENT Specialist in Gurgaon | Mayom Hospital","","user_MayomHospital12","hospitals","2019-12-21 05:16:46","0","https://www.entgurgaon.com/index.php","True","hospitals"
"edlnqb","Mayom Hospital - Best Hospital in Gurgaon","","user_MayomHospital12","hospitals","2019-12-21 05:06:49","0","https://www.mayomhospital.com/index.php","True","hospitals"
"edlj4u","Pregnancy Hospital in Haryana | Mayom Hospital","","user_MayomHospital12","hospitals","2019-12-21 04:54:48","0","https://www.mayomhospital.com/gynecology.php","True","hospitals"
"edleyz","Vertigo Specialist in Gurgaon | Mayom Hospital","","user_MayomHospital12","hospitals","2019-12-21 04:43:48","0","https://www.entgurgaon.com/vertigo_clinic.php","True","hospitals"
"edlae9","Mayom Hospital | Best ENT Hospital in Gurgaon","","user_MayomHospital12","hospitals","2019-12-21 04:32:22","0","https://www.mayomhospital.com/ent-head-neck-surgery.php","True","hospitals"
"edl0zd","Mayom Hospital | Top Maternity Hospital in Gurgaon","","user_MayomHospital12","hospitals","2019-12-21 04:08:17","0","https://www.mayomhospital.com/mother-child.php","True","hospitals"
"ed6ntd","Hearing Aid Gurgaon | Mayom Hospital","","user_MayomHospital12","hospitals","2019-12-20 07:05:01","0","https://www.entgurgaon.com/deaf.php","True","hospitals"
"ed6crm","Mayom Hospital | Ear Nose Piercing in Gurgaon","","user_MayomHospital12","hospitals","2019-12-20 06:34:12","0","https://www.mayomhospital.com/index.php","True","hospitals"
"ed5wbm","Child Specialist in Gurgaon | Mayom Hospital","","user_MayomHospital12","hospitals","2019-12-20 05:50:11","0","https://www.mayomhospital.com/mother-child.php","True","hospitals"
"1mlpcd1","Pitt Season 2 To Focus On Healthcare Cuts","I am glad HBO has some guts and integrity.
https://www.axios.com/2025/08/07/the-pitt-trump-medicaid-cuts-hospitals","user_Crankyisthenewperky","nursing","2025-08-09 13:23:14","5","https://www.reddit.com/r/nursing/comments/1mlpcd1/pitt_season_2_to_focus_on_healthcare_cuts/","True","nursing"
"1mlmtee","Thoughts on physicians working 24 hour shifts in the hospital?","Curious what nurses think about this. I work Neuro/surgical ICU and we have physicians doing organ transplants and brain surgeries on 24 hour shifts and it just seems insane and unsafe to me. I can't understand why it is allowed.

Last week, I was caring for a liver transplant patient who was very unstable and had received nearly 50 units of PRBCs, nearly 50 units of FFP and I think around 10 units of platelets before the decision was made to go back to the OR. I found out that the transplant surgeon who operated did this liver transplant the night his shift started, another liver in the morning, and had to do a third liver that following evening. However, since my patient needed to go back to the OR he decided to operate on my patient AND start the new liver at the same time. I can't wrap my head around how he can do this safely. I know there are teams of providers and nurses in the OR so he isn't alone, but damn it seems insane to me. Would love some OR nurse perspectives on this!

Also, on a more personal note, I had to have an emergency C-section last December for my first child. My OB induced me at 7am and then performed the C-section at 1:30am the next morning. She had also been back and forth between two hospitals and said she did a C-section just before mine. I had a supposedly rare complication where she left a small piece of placenta in my body so I bled a lot at 11 weeks PP until it was discovered. Anyway, it got me thinking that perhaps the mistake wouldn't have been made if she had been able to work shorter hours and slept? We are all only human after all. ü§∑","user_steenmachine92","nursing","2025-08-09 11:08:15","1","https://www.reddit.com/r/nursing/comments/1mlmtee/thoughts_on_physicians_working_24_hour_shifts_in/","True","nursing"
"1mlmm97","Is nursing really as bad as people say?","At this point, I can't imagine getting into any profession besides nursing, no other career is appealing to me that also provides a livable wage (EMT/paramedic were my second choice, but the salary for the work you do is disgustingly low)

I'm in the early stages of earning a BSN, but I just keep on hearing horror stories about burnout and long-term stress. It goes without saying that people online are much more likely to complain about their job than talk about loving it, but with nursing you can see how alarmingly high burnout and turnover rates are. Optimistically, I'm thinking it highly depends on what hospital you're working at, but I'm wondering if the good hospitals/clinics are one in a million. Any help? thanks","user_Resident_Step_2798","nursing","2025-08-09 10:56:12","49","https://www.reddit.com/r/nursing/comments/1mlmm97/is_nursing_really_as_bad_as_people_say/","True","nursing"
"1mlgyrs","New Grad Career Advise (Peds vs NICU)","Hi everyone! I‚Äôm a new grad nurse & need help deciding on what I should do! I applied for a new graduate residency out of my home state in a surgical pediatric unit & ended up getting the job! My goal starting nursing school was always pediatrics, and I do feel like this could help me have a good foundation as a nurse. As excited as I am for this position, part of me is anxious about it being so far from home. My home state is all I‚Äôve known and I‚Äôve never lived by myself. I‚Äôve always wanted to try living independently & part of me felt left out for not moving away for college. However, I‚Äôm scared starting a new career & living in a state I don‚Äôt know anyone in at the same time would be a a lot of change at once. After I found out I got this job, I also found out I have the opportunity to interview for a residency in the NICU at a hospital at my home state. I enjoyed critical care during school & my clinicals in the NICU were one of my favorites! I could see myself expanding my career in the NICU if I got the job too & it would be convenient to stay home. My main question is, should I take the job in the Peds residency out of state, or should I stay in my home state and start in the NICU? I feel like I could be happy in either specialty, I just don‚Äôt want to regret my decision. I‚Äôd appreciate any advice from anyone, especially if you left home as a new grad nurse! Thank you :) ","user_Inevitable_Sir_8018","nursing","2025-08-09 04:52:48","2","https://www.reddit.com/r/nursing/comments/1mlgyrs/new_grad_career_advise_peds_vs_nicu/","True","nursing"
"1mlfvyn","Lets all share our most humbling nursing moments","Ive had this story time bottled up inside of me for like a year so now i will share it with a bunch of strangers online!

I love psych nursing and in nursing school (i just graduated) i wanted to get an aide position in psych to get my foot in the door. Unfortunately the only place that responded to my application was one that has a notoriously horrible reputation. I figured i would go for the interview and if the place looks as bad as its rumored to be then i just wont take the job. No biggie. 

So i walk in the lobby on my interview day and its actually really nice inside- they mustve redone the place. Im feeling enthusiastic but i remember that day i was sick as an effing dog so already i wanted to gtfo of there and go home so i can rest. Im sitting in the lobby waiting for the hiring manager to get me for my interview. 45 minutes go by and still nothing. I get up to ask the girl at the front desk for an update and shes very sorry but she doesnt have any answers. Thats when, as my back is turned talking to the girl, a bald chubby guy in his late 50s genuinely walks up behind me and GRABS A HANDFUL OF MY ASS. This is now like top 5 most embarrassing moments of my life. Of course hospital security standing 10 feet away does nothing, but front desk girl stands up for me and tells them what just happened in case they didnt see. The guy speed walked away and got into an elevator so we couldnt catch him. He was already in the elevator before we were done taking 5 seconds of silence to process wtf just happened. They pull me into the back room to look at the security cameras and confirm who it was and what exactly happened. Turns out the guy is a resident and this is a ""common complaint"" for him (???????????!!!!!!) they ask me if i want to make a statement. I said no id just like to do my interview. ANOTHER 2 HOURS PASS AND STILL NO MANAGER. Everyone in security and at the desk is joking about how at least ill definitely get the job after all this. 

Manager finally comes down and we have a 10 minute interview in the lobby. I FINALLY go home and an hour later get the email - I DID NOT GET THE JOB! 

I cannot make this shit up.","user_alreadyconfused9","nursing","2025-08-09 03:54:29","2","https://www.reddit.com/r/nursing/comments/1mlfvyn/lets_all_share_our_most_humbling_nursing_moments/","True","nursing"
"1mlavgk","Sometimes we get the happy ending","6 year old came into the ER after a car crash, clutching this little paper crane. Kid wouldn't let go of it for anything, not for the exam, not for X-rays, nothing. He kept asking ""Where's Mama? Is Mama coming?""

We didn't know. Separate ambulances, different hospitals initially. All we could tell him was that we were trying to find out.

Three hours later, she gets wheeled in from the other facility. Banged up pretty good, broken ribs, concussion, lots of bruising, but stable. The second that kid saw her gurney come through the doors, he jumped off his bed and ran straight to her.

Still had that paper crane in his little fist the whole time.

Found out later she'd made it for him that morning before school. ""For good luck,"" she told him.

Guess it worked.","user_Slothrop75","nursing","2025-08-08 23:49:00","70","https://www.reddit.com/r/nursing/comments/1mlavgk/sometimes_we_get_the_happy_ending/","True","nursing"
"1mlau8z","To Bay area nurses","I‚Äôm a nurse here in the east coast with a hospital contract and a housing lease ending late October. I just got an offer from a West Coast hospital to start in late September. Taking it means paying penalties for both work and housing, plus moving quickly.

For those who‚Äôve worked in the Bay Area ‚Äî was it worth making that kind of leap?

Thank you!","user_Rbnvds","nursing","2025-08-08 23:47:27","9","https://www.reddit.com/r/nursing/comments/1mlau8z/to_bay_area_nurses/","True","nursing"
"1ml803u","Reunion rehabilitation hospital TX","Does anyone know anything about this place, their pay for RN PRN, the staff, nurse to pt ratio?","user_Realistic_Sea_6792","nursing","2025-08-08 21:44:05","0","https://www.reddit.com/r/nursing/comments/1ml803u/reunion_rehabilitation_hospital_tx/","True","nursing"
"1ml6hu8","Told 3:1 ICU assignments are the new norm?","I work in the only level 1 hospital in my state in ICU. Lately we have been being required to take more 3:1 critical assignments and I was told last night that the typical ICU assignment is 3:1 or 1:1 and 2:1 is old fashioned. It feels unsafe especially short staffed and with a staff full of people <25 with seasoned nurses having <3 years of experience. Curious if anyone else has experienced this or if I‚Äôm just being gaslit ü§≠‚ú®","user_Remarkable-Fox3247","nursing","2025-08-08 20:43:08","82","https://www.reddit.com/r/nursing/comments/1ml6hu8/told_31_icu_assignments_are_the_new_norm/","True","nursing"
"1ml5pg3","Gun brought into NICU","Hello!! There was an incident at my hospital involving a dad in our NICU who brought a gun onto our unit. He is a police officer, but at the time of this he was not on duty and in street clothes. Does your hospital have a policy on whether or not off duty cops can bring a fire arm onto a unit? ","user_xpworkout","nursing","2025-08-08 20:11:28","411","https://www.reddit.com/r/nursing/comments/1ml5pg3/gun_brought_into_nicu/","True","nursing"
"1ml3c6v","Should I become a manager?","I'm a nurse of 6 years, my background is critical care float. I worked in corporate America in a medical research/education administrator role prior to becoming a nurse. I'm currently working as rapid response/ house resource nurse. It's a cake job. I love the diversity and the role. But it's a very low acuity hospital and I'm not growing.  I'm a pretty easy going person. I've never directly managed people, though I do have lots of leadership/mentoring experience. 

My boss has offered me a management position. And I don't know what to do. 

On one hand, I love being a nurse. I love this position. 3 days a week is great for being present with my school aged children. 

On the other hand, my boss is wonderful and if I were to ever learn to be a nurse manager, I would want to learn under her. She's kind and patient and I generally enjoy being around her. I know my boss needs help and I have helped her with some projects in the past. We work great together.  We're a growing department and currently lack support.. My boss easily puts in 50+ hours a week. This might ease up with the new manager position to share that burden, but it might not. 

My ultimate goal is to go back to being a full time icu nurse. Maybe go back to school for my masters in education or informatics for my end of career plan. But that's a still years down the road. 

What do I do? ","user_Sirius-aficionado","nursing","2025-08-08 18:39:40","1","https://www.reddit.com/r/nursing/comments/1ml3c6v/should_i_become_a_manager/","True","nursing"
"1ml1rde","Dialysis Nurse?","Hello!
I‚Äôm a new grad nurse and have been working on a Med Surg unit now for about 5 months. There is a lot going on at my hospital at the moment, so staffing is not great and I‚Äôm not getting the support I was told I would have being a new grad. I‚Äôm very stressed out and have accepted the reality that it may be time for me to look elsewhere.
I‚Äôm very interested in becoming a dialysis nurse. Outpatient clinic is definitely something I believe I would be more suitable for. I was reading about other experiences being a dialysis nurse and see a lot about it being more of a routine, which is something I thrive in!
I was wondering if anyone has worked with Frensenius Medical Care, and what your experience was like?
Any input or thoughts would be greatly appreciated! Thank you! ","user_Prudent-Gene-7279","nursing","2025-08-08 17:39:34","2","https://www.reddit.com/r/nursing/comments/1ml1rde/dialysis_nurse/","True","nursing"
"1ml0e2d","How flexible are New Grad programs for NP students?","As the title says, I‚Äôm a new grad, (just graduated this week) and I‚Äôll be starting my state schools NP program in 10 days.

I‚Äôm applying to new grad programs but many imply or explicity label a 8-5 weekday commitment throughout the program. My NP classes are in person, mandatory, and take up 3-8pm on mondays and Tuesdays only for the first year (no clinicals til second year).

Any tips or advice that is outside of ‚ÄúNew Grads shouldn‚Äôt be NPs‚Äù? I‚Äôve honed in on community hospitals that have night shift new grad positions but that comes with the baggage of a community hospital compared to my typical cohort vibe of applying to excellent extremely well funded hospital new grad programs. I‚Äôm in my 30s with other healthcare experience outside of CNA work so I‚Äôm not as young as other have messaged me in the past on this subreddit lol","user_Alive_Setting_2287","nursing","2025-08-08 16:48:14","8","https://www.reddit.com/r/nursing/comments/1ml0e2d/how_flexible_are_new_grad_programs_for_np_students/","True","nursing"
"1mkzt5f","ICU -> IR","Hey everyone,

I‚Äôve been working in a CVICU for a little over a year (since April 2024), which is my first inpatient job after 8 months in an ambulatory center. I feel fairly confident in my skills, have handled or helped out in a couple codes, and while I‚Äôm still on the newer side, I want to explore other options to broaden my skill set.

I recently applied for an IR position at my hospital. I‚Äôve always been interested in procedural nursing (OR, Cath Lab, IR), and I landed a panel interview with the charge nurses. The interview went well overall, but one of the more seasoned charge nurses mentioned that I might not have enough experience for IR. She later pulled me aside and said it‚Äôs not wise to jump into a department like this so soon, that the hospital doesn‚Äôt have the resources to train someone with only one year of experience, and gave other cautions.

The IR manager is not a nurse, but I‚Äôve built good rapport with them. If I do get an offer, I don‚Äôt want to come across as incompetent or have leadership feel unmotivated to support me because they think I‚Äôm not ready.

I‚Äôm looking for different perspectives on this‚Äîespecially from anyone who has transitioned into procedural nursing early in their career.","user_scantron671","nursing","2025-08-08 16:26:06","3","https://www.reddit.com/r/nursing/comments/1mkzt5f/icu_ir/","True","nursing"
"1mkzh6m","Yall were right. They really do want you to wipe their ass.","Just a 3rd semester student learning first hand that the woman I spent 2 shifts in a row wiping for was 100% capable of wiping her own ass. Didn‚Äôt clock to me until she was discharged and going home with no one to wipe but herself that I was just providing a courtesy service. 

I‚Äôve been reading these stories on this sub and wondering when I‚Äôll run into it myself. All I can say is I feel like I need to shower my insides. Never in all my life would I ask someone to wipe my ass unless I physically could not. Maybe I‚Äôm just being judgmental, but I‚Äôve been hospitalized myself and the thought of someone other than me wiping my ass makes my skin crawl. 

Yall have a good weekend and avoid that courtesy ass wiping. I‚Äôm gonna go dissociate ","user_prettylittlelunaa","nursing","2025-08-08 16:13:34","310","https://www.reddit.com/r/nursing/comments/1mkzh6m/yall_were_right_they_really_do_want_you_to_wipe/","True","nursing"
"1mkxr0p","Does your hospital offer bonuses?","The hospital I work at has usually offers $500 bonuses when they are short staffed to incentivize staff to come in. Recently the policy has changes and they have capped it at $200. 

I was asked to come in today and declined due to them no longer offering $500 as it‚Äôs a pain to arrange for child care on short notice. 

Anyway, I was curious about what you all have experienced in terms of your hospital offering bonuses incentives to pick up when short staffed. ","user_teepee17","nursing","2025-08-08 15:08:28","10","https://www.reddit.com/r/nursing/comments/1mkxr0p/does_your_hospital_offer_bonuses/","True","nursing"
"1mkwxpu","Part time or Per-diem nursing in NY - Healthcare Insurance?","Hi all! I'm currently in NP school and looking for part time jobs to help support myself. Usually part time jobs come with no or very bad medical insurance. During my interview for a float stepdown position at a hospital I was told my company insurance would cost me about $1000 out of pocket and has a very high deductible - will likely opt out of it. I'm willing to pay \~$600s for insurance but really want a PPO with OON coverage. Not sure if I see the point of getting insurance otherwise, as I could take the \~$7-8k/year and just save it for visits.

It looks like NYC Marketplace insurance ([https://nystateofhealth.ny.gov/](https://nystateofhealth.ny.gov/)) only offers HMO plans! None of the insurances (even up to \~$1500/month) cover any out of network services. As a healthcare worker this stresses me out very much as I see issues with this all the time (a patient goes to a facility that is covered, but the provider within the facility isn't covered. Or they get bloodwork and send them out to a lab which is not covered. The bills for regular care is in the thousands).

I don't have a partner. I have a history of fainting episodes and have been sent to the hospital for it before - I'm on medications now which should prevent it (\~$15-30 a month self pay, not bad). Also wear glasses. I do have medical insurance at the moment - would I be able to get COBRA afterwards to provide PPO coverage for a period of time? Are there any per diem/part time nurses who figured out a solution to getting dependable healthcare coverage?","user_Rain149","nursing","2025-08-08 14:37:07","0","https://www.reddit.com/r/nursing/comments/1mkwxpu/part_time_or_perdiem_nursing_in_ny_healthcare/","True","nursing"
"1mkwp3g","interview advice for new grads!","hi! little background:

i just finished my 3rd semester and going into my last at the end of august & graduating in december. so that means job hunting. i'm currently a pct/nurse extern of a 1 year+ at the peds hospital i want to work at. i've gotten my resume beefed up by my school career professionals, etc. i've also gotten my role transition in peds (where i want to be.)

i'm looking to land PICU or Peds CICU. so far, i've been working my butt off with pulling strings and using any connection i can hold onto within my reach. it's worked for me. i have a shadowing and phone screening/interview next week.  my hospital is super big on hiring internally. 

here's my dilemma (grateful to have btw): on my floor you move up don't really have to re interview and we have AMAZINGGGGG management that i don't want to leave but i'm not in love with our floor since it's more acute care and less critical and critical care is the only place i've felt a genuine connection with in clinicals. 

also, i still planned on putting myself out there to adult hospitals that had NICU as well. (can you tell i'm a peds girly?) but i know for sure where i would like to be. 

any advice for landing these? interview tips? any general new grad tips on applying etc? any insight into these units you think a new grad should know? ","user_Appropriate_Chance13","nursing","2025-08-08 14:27:41","1","https://www.reddit.com/r/nursing/comments/1mkwp3g/interview_advice_for_new_grads/","True","nursing"
"1mkwjed","New RN, Need Job Application Advice","Hi everyone! I am a newly graduated RN/BSN. I am 33 years old with two elementary children. I started working with my LPN (triage) in August 2024 at an OBGYN office. Graduated with my associates in December 2024. Awarded my multi-state license in Feb 2025 and started working as an RN at the same office, and Graduated with my BSN May 2025. I started working with my LPN in August 2024 and recently left that job May 2025 due to moving with the military. Husband is military. 



We moved to Virginia from Alabama. We are here in Virginia until December, but we have to possibility of staying here longer (depends on husbands military stuff). I am very passionate in Obstetrics and Labor & Delivery. Due to having 10 months of ""clinic"" experience, hospitals are not considering me as a ""New Graduate"" for job applications, but I still don't meet the experience levels for the regular applications. There were a few ""fellowship"" programs that I applied for that were looking for applicants with no experience, but all of those were denied. 



I'm also stuck trying to decide if trying to get a job is something I should do due to only being here until December (for now). Would this gap on my resume be more hurtful to my job search, or would only being in a job for 6-8 months be more hurtful? I've applied at a few OBGYN clinics as well, but haven't heard back from anyone. I really want to stay in the Obstetrics field and keep my experience relevant to what I ultimately want to do. Ultimately I want to become a Midwife in the future, but I need a break from school.

  
Can anyone give me advice on what I should do?","user_RandomLey","nursing","2025-08-08 14:21:16","2","https://www.reddit.com/r/nursing/comments/1mkwjed/new_rn_need_job_application_advice/","True","nursing"
"1mktptz","Looking for jobs as a new grad","I graduated at the end of 2020 and spent seven months caring for my grandmother, who was terminally ill with brain cancer. After that, I took some time to regroup, and I had my son at the beginning of 2023. I haven‚Äôt worked in a nursing role since graduation, so I‚Äôm technically considered a new grad and unfortunately don‚Äôt have recent references.

I travel with my partner and son for my partner‚Äôs work, so we‚Äôre only in each state for about five to six months. Most hospital residency programs require a year-long commitment, which makes it challenging to find the right fit. I feel like my r√©sum√© isn‚Äôt getting much attention, and I‚Äôm having a hard time landing a hospital job. Any advice or suggestions would be greatly appreciated.","user_nurse23m","nursing","2025-08-08 12:21:50","5","https://www.reddit.com/r/nursing/comments/1mktptz/looking_for_jobs_as_a_new_grad/","True","nursing"
"1mkr1kz","Nurses who moved to sales","I just wanted to ask for some advice on what the best course of action would be.

I currently have over a decade of operating room nursing experience with 3 of those years being a nurse manager of the sterilisation department (where surgical instruments get processed). An opportunity has come about where they are looking for a Territory Manager in the sterilisation consumable department.

I have had two interviews so far and in the second interview they asked salary expectations. I was honest that I would not be moving for less than my base salary ($150k - I‚Äôm happy to negotiate but I haven‚Äôt said that yet). Based on the interview they said that it would be close to the top end of their range and gave me the vibe that it might not achievable and they explain commissions, bonuses, car allowances etc.

The reason why I believe I should be paid the same base salary is because as a TM I would be selling the products to customers like myself and I would not need to learn the products as I am the end user. My clinical experience (private and public hospital) and my current network cannot be taught, whereas I know I can learn sales.

My question is have I shot myself in the foot for asking at the top range? And for those nurses who have moved to sales, did you take a pay cut to get your foot into the sales door?","user_MontyIsTheBest","nursing","2025-08-08 09:55:59","1","https://www.reddit.com/r/nursing/comments/1mkr1kz/nurses_who_moved_to_sales/","True","nursing"
"1mkp7fv","Shift Stolen!","Okay, I've never posted this group before but I feel like I need to vent. I've been working overnight as a supervisor at a community hospital. In October one of the other supervisors retired and I asked for her evening slot. I was told it was my slot but they had to hire somebody to replace me for the overnight shift. At the same time, the manager must have agreed to let another nurse go to evening shift. We both agreed to help with overnights because of a lack of staff. In July, they found somebody to work overnight. Her training is nearing an end so I asked my boss how this was going to work. We had an overnight supervisor retire unexpectedly so we became short on overnight supervisors again. The decision was made to cut the second supervisor on evenings, effectively eliminating my position, which I wasn't told about. I figured it out when I was working on the new schedule and realized there aren't enough mid shift hours for everyone. I'm not part of the union so I can't rely on them to help. I don't really anticipate doing anything, I just wanted to vent and hopefully someone to talk me off the ledge. So far I've resisted the urge to walk out and find a new job, but I'm beyond pissed. The only things keeping me here are that the job isn't bad and the pay is pretty good compared to what I would make as a staff nurse. Thanks for listening to my rant.","user_StainableMilk4","nursing","2025-08-08 07:55:09","13","https://www.reddit.com/r/nursing/comments/1mkp7fv/shift_stolen/","True","nursing"
"1mkonb6","‚ÄúFired‚Äù by patient for the first time, feeling bad","Yesterday I had an admit. Male patient with an infected spider bite, but it was speculation that it was track marks since he had a history of polysubstance abuse/requesting narcotics and refusing any other types of pain meds, and had been at the hospital numerous times for the same thing in different places. It got infected because he said he put a needle in it twice to do something with it (I think to pop an abscess from the bite), which he did 2 months ago to a different spot but this new one was way worse.

He just got Dilaudid just before getting sent to the floor and apparently kept asking them for more which the doctor (who saw him in the ER before he came up) denied, but the pt told me he hadn‚Äôt received any ‚Äúin hours‚Äù. The way the pain meds were ordered, I couldn‚Äôt give him anything for a little over an hour‚Äî which I told him and he got angry about me mentioning he got some already but agreed. I gave him his scheduled meds as soon as they filled which included gabapentin for nerve pain, since I still couldn‚Äôt give his PRNs yet, but he got mad about that when he asked if any of the pills included something for pain and I mentioned the gabapentin. 

He also said he couldn‚Äôt sleep due to the pain, but was drifting off during the assessment (I had to keep waking him up to ask the required questions and to do the initial assessment since it was nearing the end of my shift so I couldn‚Äôt wait). We needed urine for a culture but apparently had been holding his bladder in the ER since coming and would also sneak to the bathroom when they were out of the room, and they thought it might be because he‚Äôs paranoid of it being drug tested. When I asked about him giving urine, he kept ‚Äúnegotiating‚Äù saying he‚Äôd only give it after he got settled in, then said after he got dinner, then changed it to after he got a nap, etc. I wasn‚Äôt demanding it, just reminding him. Ik as far as the next day he still never gave a sample.

When it came time for his pain meds, he was fast asleep (like I tried to wake him up vocally then lightly shook him and all he did was snore) so I decided to not wake him up. He was still asleep by shift change. The next morning I was told he ‚Äúfired‚Äù me but the night nurse said he was fine to her and nothing like how when I had him. I‚Äôm still new to nursing, so what did I do wrong that I can improve on?

","user_ZucchiniExtension","nursing","2025-08-08 07:18:29","40","https://www.reddit.com/r/nursing/comments/1mkonb6/fired_by_patient_for_the_first_time_feeling_bad/","True","nursing"
"1mklgz9","We love anti-union emails","Plot twist I don‚Äôt even work here and haven‚Äôt for a couple of years idk why I‚Äôm on this email this.","user_voidbender6","nursing","2025-08-08 04:14:14","72","https://i.redd.it/dr5c3zwa1qhf1.jpeg","False","nursing"
"1mkkvlo","New Grad","Hello, I recently starting my nursing job in January on a med-surg unit. I work night shift. Everybody is super nice and helpful but I just feel burnt out. I‚Äôm just mentally drained. I feel like I‚Äôm ALWAYS at work. I feel like I‚Äôm good at the job, I don‚Äôt struggle with time management at all, but for some reason I just feel miserable still. The transition from days to nights is also a struggle. I really just dislike the 12 hour shifts at hospitals. I received a $20,000 scholarship from my hospital that requires me to commit to 2 years full time. I am allowed to switch units in that period. I know I don‚Äôt want to do bedside for long and my plan is to move on after the 2 years, but it‚Äôs been feeling like I can‚Äôt make it the 2 years. I‚Äôve been really debating paying back the money so I don‚Äôt have to be full time anymore. I don‚Äôt know what to do, or where to go. I have been feeling such dread when I know I have work the next day. I cry on my way in and take multiple bathroom breaks to get a cry in at work. If I didn‚Äôt have this scholarship it‚Äôd be a no brainer, I‚Äôd either go out patient or at least part-time. I‚Äôm really not sure what to do, just needs advice or words of encouragement.
","user_Physical_Ad668","nursing","2025-08-08 03:43:31","6","https://www.reddit.com/r/nursing/comments/1mkkvlo/new_grad/","True","nursing"
"1mkjvi8","Rant/advice","Hello, I just wanted to vent to someone who understood the profession of nursing without being judged. I‚Äôve been training as a charge nurse for a couple weeks now. It‚Äôs honestly my first time working in the hospital setting. I‚Äôve spent most of my career working in home health, travel nursing with nursing homes, detox centers, surgery centers etc. Today I was training with another charge nurse who had been there for a while. This nurse is an absolute angel she‚Äôs nothing but helpful and supportive a very big people person. She‚Äôs liked among everyone on the floor. Today she let me run the show and do everything myself which I really appreciate because that‚Äôs how I learn anyway. It was a hard day to say the least I, work on a cardiac telemetry floor so it can get crazy. I had admissions from left to right and discharges here and there and it was crazy. I thought I was handling it well, keeping every nurse at the max ratio 1:6. I admit I was running around like crazy and dealing with difficult family members which is expected. Then it came time to make the patient assignment and give report to the oncoming charge nurse. I gave report and I was still making the assignment but it did take me a long while to finish it. In the end I messed it up and I could tell she got frustrated with me. We only had 5 nurses and the max patient cenus it could be was 30 and bed board was trying to give  us five more patients after i called them and said we cant take any more. We ended up having 31 after I finished the assignmen so 1 patient wasn‚Äôt assigned and I told her to look at it to see if I did something wrong like assign a patient twice. And all she said was ‚Äúwell why isn‚Äôt this patient assigned, now this changes everything because she should‚Äôve been assigned‚Äù and she said it in a frustrated and mad tone. And I was like okay I‚Äôll fix it and she said ‚Äúno I‚Äôll call don‚Äôt worry about it‚Äù saying it like she was trying to get rid of me. So I just said okay and let her do whatever. Then I was making copies of the assignment so the nurses could see who they have and as I was laying out the assignment on the counter with every individual nurses name highlighted she angrily said ‚Äúno don‚Äôt help‚Äù in a rude manner. So I left it at that and did whatever I needed to do to leave because at that point I just felt like she saw me as dumb and lost. To make things worse a nurse called out last minute and she got even more frustrated because now she had to take on patients herself. It was my first time running the floor and it couldn‚Äôt have been a worse day. To make things worse I over heard a CT tech cuss and complain about the assignment I made saying it makes no fucking sense. At that point I was there an hour after my shift ended just staying quiet. I just know nursing is hard in the first place and I need to grow thick skin but feeling like everyone was against me really hurts üòï. I have sever anxiety so I haven‚Äôt stopped thinking about it and over analyzing everything. I just wanted to rant and have people who know how nursing is give me advice. Thank you","user_simplyanai","nursing","2025-08-08 02:52:31","8","https://www.reddit.com/r/nursing/comments/1mkjvi8/rantadvice/","True","nursing"
"1mkis7j","Woman pretended to be a nurse for months, only got caught when she was offered a charge nurse position","So this is really weird. Looks like this woman applied for an RN position at a hospital, got the job pretending to be someone else, and worked as an RN. It looks like she did go to, and graduated from a nursing program, but it doesn't say if she just never took the NCLEX, or failed out. Thankfully no patients were harmed.
","user_Zer0tonin_8911","nursing","2025-08-08 01:59:46","162","https://www.news-journalonline.com/story/news/crime/2025/08/07/autumn-bardisa-posed-as-a-nurse-adventhealth-palm-coast/85558304007/","True","nursing"
"1mkin47","Strange things in hospital?","ICU. Locked door requiring swipes. In the middle of the night I was standing near the nurse's station checking notes. A patient with a bandaged and slinged arm suddendly creeped up on me and asked if there was a vender nearby. I was like, dude where the heck are you from? ?Pretty sure no pt on this floor can just walk around like that. Turned out he's a pt from 2 floors above and very determined to have a can of coke at 1am. He somehow managed to sneak out of the ward and wandered into ICU's access restricted double doors with no one noticing him..
I hope he got his coke eventually

","user_Lex741","nursing","2025-08-08 01:53:03","51","https://www.reddit.com/r/nursing/comments/1mkin47/strange_things_in_hospital/","True","nursing"
"1mkiacz","For Profit Paying more than Union Hospital üò±","Well you don‚Äôt say? I decided to test the waters and guess what happened? An HCA hospital offered me similar to what I am making at a Union hospital. So, having the ability to negotiate my own labor, I did just that. And guess what? HCA is willing to pay me more than I will make at my current union employer. Benefits are on par too and actually better for those with longevity. The pay represents a 7% raise. And you‚Äôll never guess what state this is in‚Ä¶.drumroll please‚Ä¶.Florida! ü§£ü§£ü§£. I will go away and come back in an hour to see all the apoplectic commentators. ","user_VolumeFar9174","nursing","2025-08-08 01:36:07","10","https://www.reddit.com/r/nursing/comments/1mkiacz/for_profit_paying_more_than_union_hospital/","True","nursing"
"1mkgesx","Man killed, woman injured in emergency room shooting at Tacoma hospital","","user_duckduckew","nursing","2025-08-08 00:08:41","31","https://www.kiro7.com/news/local/one-person-is-dead-another-wounded-after-shooting-tacoma-hospital/DZ675PP75RHMLBNDQC6XNYADWY/","True","nursing"
"1mkxjko","Fun/misc orders at your hospital","I've now worked at two different hospitals that have the order ""birthday cake"". Endocrinology team started to know me because I'd call them and ask them to give a little extra insulin for the day. 

Do you have any fun orders, or orders that you didn't even realize your hospital was capable of?","user_Benzosplease","medicine","2025-08-08 15:00:55","224","https://www.reddit.com/r/medicine/comments/1mkxjko/funmisc_orders_at_your_hospital/","True","medicine"
"1mkdwjn","Recommendations for what to bring to new job","I start my first attending job soon, will be going to a small town but high volume place to do rural full scope FM. (Hospital, ER, OB - will add outpt later). 

I‚Äôll be traveling in and out of this place for a few weeks at a time. 

Assume this is on an island where you can‚Äôt get much in the way of supplies - what would you bring to your first set of shifts? What would be your must haves for a new apartment you‚Äôll live in part time? 

(I made my own lists, but curious to hear from others!) ","user_palmyragirl","medicine","2025-08-07 22:19:26","8","https://www.reddit.com/r/medicine/comments/1mkdwjn/recommendations_for_what_to_bring_to_new_job/","True","medicine"
"1mi8w34","Apocryphal stories from residencies past","Graduated from residency in ‚Äò99. Rotated through the various specialties and did their routine for a month here and there.
On trauma, it was at work every day with q3 overnights at hospital and go home early next day.
On medicine floor service it was work every day with q4 call, go home early post call and at noon on weekends.

Some of the residents who had worked at other hospitals would tell ridiculous work load stories.
The worst two that I remember were:
1) while working on the cardiovascular surgery service, the post-CABG patient that you were following had to be extubated before you could leave the hospital. That means if they were on the vent for five days then you couldn‚Äôt leave for five days.  I never asked what would happen if you picked up a second or third patient while the first was still intubated.  The resident told me he would go the garage and call the RT to extubate and then quickly drive away.

2) probably a different hospital, but while on CV  surgery you weren‚Äôt allowed to leave the post-CABG unit during the rotation.
Allegedly, someone‚Äôs wife had a baby while he was doing his CV surgery month and he went to the lobby of the hospital to see wife and child.  Then he was fired for leaving the unit.

I‚Äôm wondering if these are true stories or not.","user_ERDRCR","medicine","2025-08-05 13:14:52","45","https://www.reddit.com/r/medicine/comments/1mi8w34/apocryphal_stories_from_residencies_past/","True","medicine"
"1mh1v2s","Administrators with clinical degrees should be required by law to spend 25% of their time in patient facing roles","We wouldn't let freshly graduated medical students take care of our family members. Likewise you wouldn't go see a PCP who has been out of practice for 20 years. What do these two groups have in common that makes them such poor people to seek care from? A lack of recent experience. 

These administrators want to lean on their clinical degrees and the alphabet soup that follows them. They want to think those letters mean something about their competency to do they job. The letters are just the mask of Oz. Behind them there is always the same person: a lazy egomaniac. 

Why do we allow administrators to set hospital policies they themselves are excluded from? Why do we trust them to know what policies are best for patients when they haven't themselves laid hands on a patient in over a decade? 

Physician scientists often do the 75/25 split, where they spend 75% of their time doing all the tasks of research and 25% seeing patients. That's just one week a month doing the thing you went to school to do. Not a big ask. There are economic reasons for that, but there are also common sense reasons. You can't be a leader in your field without practicing in it. You can't understand the most pressing problems well enough to propose solutions to them without facing them yourself in the most intimate way: with the patient at the bedside. 

This should be a bipartisan no brainer. No one in hospital ""leadership"" brings enough value to justify them leaving the bedside permanently. This should be codified. I bet you would see things change very quickly if it was. ","user_3MinuteHero","medicine","2025-08-04 02:37:26","52","https://www.reddit.com/r/medicine/comments/1mh1v2s/administrators_with_clinical_degrees_should_be/","True","medicine"
"1mgs990","What we learned from 18-month absence of residents in South Korea","
The 18-month absence of residents in Korea has highlighted a critical truth: residents are, first and foremost, trainees‚Äînot merely a workforce. During this period, their responsibilities were assumed by midlevel providers, who, in many cases, performed tasks more efficiently. Operation times decreased, clinical decision-making processes accelerated, and hospital administration reached a level of efficiency rarely seen before.

The most pressing concern during this hiatus was not operational disruption, but the cessation of physician training. Despite this, most teaching hospitals successfully adapted by reallocating resident roles to midlevels.

As residents now prepare to return to their hospitals, there is a need to redefine the roles of both residents and midlevels. While midlevels will continue to play a role, their presence must be scaled back to accommodate the return of residents.

Attendings must be prepared to dedicate more time and energy to teaching. Surgical times will inevitably lengthen, decision-making will slow, and institutional efficiency will decline. These are not failures of the system but the necessary costs of training the next generation of physicians.

Ultimately, running a residency program should not be viewed as a means to secure inexpensive labor. It is a long-term investment‚Äîone that requires sacrificing short-term efficiency for the future of the profession.","user_NobodyNobraindr","medicine","2025-08-03 19:34:30","22","https://www.reddit.com/r/medicine/comments/1mgs990/what_we_learned_from_18month_absence_of_residents/","True","medicine"
"1me4vo5","Brain Death Resistance","I'm seeing an uptick in families refusing to accept brain death as a diagnosis. Luckily I live in a state that has solid and committed legal precedent supporting brain death, but it's exhausting to fight with families over this topic, and I think it's gross to keep dead bodies on ventilators like puppets (I think the new guidelines also needlessly draw out the process). I know the California case years ago opened up the door to other states like New Jersey to allow families to avoid this, but what protocols and procedures do your hospitals have when faced with family resistance or refusal to accept the diagnosis?","user_Strangely4575","medicine","2025-07-31 15:38:02","109","https://www.reddit.com/r/medicine/comments/1me4vo5/brain_death_resistance/","True","medicine"
"1mdrtbb","Today, I was a hero","A family came in with their 2mo.  And they were very hesitant about vaccines.  ""Which ones are really important?""

So I went through each disease for which the child would be vaccinated today.

* I told them about diphtheria and the 30% mortality rate, how diphtheria toxin is one of the most toxic substances known, as a single molecule can kill a cell.  I told them about how this disease use to terrify communities.
* They'd already heard of tetanus.  Everyone has heard of tetanus.
* I told them about pertussis and the baby I saw who coughed and coughed and coughed and coughed and coughed...until he went into laryngospasm.  We did everything we could.  I will never forget his mother throwing herself at our feet begging us to not say what we were going to say.  I let that family see the tears playing in my eyes as I described the memory.  They needed to know that I am doing this *because I fucking care.* Not because of some quality metric.  
* We'd already discussed how hepatitis B is spread by nonsexual transmission and how in the prevaccine era, as many as 65% of infants born to HBV positive *fathers* had HBV by the tme they were a year old.  We talked about how that is a life sentence before age 1.  
* They know about polio.  
* I talked about the baby I watched die of pneumococcal sepsis.  Another mother at our feet.  Another family destroyed by a microbe.
* I described a cricoidotomy in graphic detail.  
* I was admitted for rotavirus in February of 1979.  I still have the hospital bill for $20.  My mother told me about how sick I was.  And 25 years later, I became a resident and I saw babies with rotavirus.  You could hear the diarrhea from across the emergency department.  We had to do our own IVs at the NYC hospital.  The babies were just so sick and all we could do was keep them hydrated and wait for them to recover.  And then in the fall of 2006 the rotavirus vaccine came out.  And in February of 2008 I was the senior on the floor and... there weren't any rotavirus kids.  It was just gone.

And I asked that mother, now that she'd asked me which vaccines were important, I was going to turn the questions around.  Which ones did *she* think were important?

That baby got every recommended immunization today.   I won.  RFJ Jr. lost.  The parents won; that mother won't be throwing herself at my feet. 

Most importantly, the baby won.

\-PGY-21","user_MikeGinnyMD","medicine","2025-07-31 04:09:32","147","https://www.reddit.com/r/medicine/comments/1mdrtbb/today_i_was_a_hero/","True","medicine"
"1m8k8m3","Trump order will force more/longer hospitalization of the homeless","Not sure where he thinks the beds or money to support this will come from, especially with impending Medicaid cuts. Anyway, I'm curious what this forum's psychiatrists think of this

  
[NPR Article](https://www.npr.org/2025/07/24/nx-s1-5479139/trump-homelessness-executive-order-civil-commitment-camping)","user_NeuroTrumpet","medicine","2025-07-24 23:52:45","92","https://www.reddit.com/r/medicine/comments/1m8k8m3/trump_order_will_force_morelonger_hospitalization/","True","medicine"
"1m8awjl","Compliance eduction","SO, in general a rant about these inane required courses. Employer group and every hospital on staff has hours of these every damn year same thing on fraud & abuse, emtala, fire safety, hipaa, etc etc etc. Has anyone added up how many hours of our lives are wasted on this shit?? And of course unpaid!! 

a question though - they all say that these are ‚Äúrequired by law‚Äù. Each organization does this differently so it would seem the ‚Äúlaw‚Äù is not specific.   
Does anyone know what is truly (minimum) required? Is there any requirement these are annual??

any corporate compliance officer or attorney willing to post and defend these??","user_Dr_Vinny_Boombats","medicine","2025-07-24 17:37:31","24","https://www.reddit.com/r/medicine/comments/1m8awjl/compliance_eduction/","True","medicine"
"1m84tab","In NY some hospitals have historically been nicknamed stuff like Elmworst, Killa County or Killadale - what other nicknames have you heard for medical institutions?","I don't necessarily just mean negative nicknames!!","user_topherette","medicine","2025-07-24 13:44:23","212","https://www.reddit.com/r/medicine/comments/1m84tab/in_ny_some_hospitals_have_historically_been/","True","medicine"
"1m7bwby","Pain docs and others who prescribe chronic narcotics - are you checking for frequent er visits / drug seeking behavior?","I'm a hospitalist, and no stranger to all sorts of chronic pain patients. Most seem generally compliant with their pain regimen (not running out early or giving other red flags etc) but then there are a cohort of frequent fliers that are obviously drug seeking, every red flag in the book. For the ones not getting regular rx of opiates just er hopping, that's one thing, but I always wonder how some of them continue to be prescribed like ms contin or whatever when they are in our er (and others across town) 4+ times a month seeking iv pain meds.

For reference, in our state most hospitals are part of a medical record sharing database or whatever you call it where we can look up many outside records, so I can see their er visits in different health systems. 

Is reviewing such information (if available in your state) a part of your typical practice? Or do you rely on other docs specifically reaching out to you to notify you of this concerning behavior? Just curious what your take on such situations is. ","user_essentiallypeguin","medicine","2025-07-23 15:12:27","13","https://www.reddit.com/r/medicine/comments/1m7bwby/pain_docs_and_others_who_prescribe_chronic/","True","medicine"
"1m6qi9g","Ovarian Torsion [‚ö†Ô∏è Med Mal Case]","Case here: https://expertwitness.substack.com/p/ovarian-torsion

Young woman presents to freestanding ED with RLQ pain.

Quickly diagnoses as torsion and transferred stat to hospital.

She had a history of left torsion and oophorectomy years ago in a foreign country, so she only had one ovary remaining.

OBGYN service takes a few hours to come see her, then a few more to take her to the OR.

Ovary is removed, and unfortunately they lacerate the iliac artery, which is repaired, then she gets an arterial clot in the leg.

The plaintiff made all sorts of wild accusations in the lawsuit, including unconsented exams, racism, etc‚Ä¶

Settled out of court.","user_efunkEM","medicine","2025-07-22 21:19:18","57","https://www.reddit.com/r/medicine/comments/1m6qi9g/ovarian_torsion_med_mal_case/","True","medicine"
"1m5lpol","Advocating to extend maternity leave benefits","Hi all! Has anyone had experience getting HR to change their maternity leave policy? I would love to hear and learn from your experience.

Back story- I will be telling work in the next 1-2 weeks about my pregnancy and impending maternity leave. I work as a PA in the US, outpatient specialty but part of a large hospital system in a suburban area. Our maternity leave policy is ABYSMAL. Outside of short term disability, the company offers only 2 weeks paid leave. Everything additional would be PTO. 

Unfortunately I live in a state that does not offer a state wide policy.

I‚Äôve done some preliminary research and other large hospital systems in the area offer 4-12 weeks of paid maternity leave so I feel like it is very reasonable for the company to at least get to comparable numbers.

Thank you for reading!","user_HistoricalJury1278","medicine","2025-07-21 15:19:06","34","https://www.reddit.com/r/medicine/comments/1m5lpol/advocating_to_extend_maternity_leave_benefits/","True","medicine"
"1m59imk","Tennessee woman denied prenatal care for not being married.","https://nashvillebanner.com/2025/07/20/doctor-denies-pregnant-woman-care/

""Last Thursday, at a town hall in Jonesborough, Tennessee, a 35-year-old woman shared her story: she was denied prenatal care by her physician because they objected to the fact that she wasn‚Äôt married, nor did she plan to be. She‚Äôd been with her partner for 15 years and they have a 13-year-old child.

While going through her medical history, the physician told her that because she was unwed, they didn‚Äôt feel comfortable treating her, because it went against their values and she should seek care elsewhere. At the time of the appointment, the woman believed she was about four weeks into her pregnancy.""

All this because

""On April 24th, Tennessee‚Äôs 2025 Medical Ethics Defense Act went into effect. It gives physicians, hospital systems and insurers, among others, the legal right to deny healthcare to patients based on religious, moral or ethical beliefs.""


I'll be the first to say, we're only hearing her side. But If this is true, the doctor is a piece of shit. I am sad that this OBGYN is one of our ""colleagues."" How awful must you be to do this. I really hope this story blows up, and their practice faces significant backlash. I‚Äôm not big on cancel culture, but this is just bad medicine.

On a side note, can a physician in Tennessee now deny care to MAGA folks because it violates their ""moral or ethical beliefs""? I would love to see this be challenged.","user_NapkinZhangy","medicine","2025-07-21 04:30:46","159","https://www.reddit.com/r/medicine/comments/1m59imk/tennessee_woman_denied_prenatal_care_for_not/","True","medicine"
"1m4524r","Am I being too sensitive?","I want to receive your feedback about my current job in the ER a tertiary hospital. I've been there for a little over a month. I have scheduled two 24hr and six 19hr shifts on top of the regular schedule. The experience has been extremely tough and my initial plan was to stay until September 30 for two reasons:

1. I‚Äôm learning a lot here, more than anywhere else before, and that‚Äôs helping me with my MIR exam preparation.
2. I‚Äôm saving a lot of money in a short period of time.

But the environment is toxic and hostile, and every day it‚Äôs getting harder. Here‚Äôs what‚Äôs been happening:

* Every morning, there are meetings to discuss the number of patients seen. The manager comes almost every day for the same reason and to take photos.
* During almost every shift, they ask me how many patients I‚Äôm seeing, or even call the consultation room at 5-6 a.m. just to check if I‚Äôm awake.
* The head of the department publicly says that the last 4-5 doctors hired (including me) are slower and less effective, even though¬†**we haven‚Äôt received proper training courses**.
* My coworkers have been hostile since the day I defended myself: they scolded me for going to lunch without asking them first, and I replied that when I‚Äôm in CAR (another ER section), nobody asks me if I want to eat. Since then, I‚Äôve become their ‚Äútarget.‚Äù
* Yesterday, for instance, they left me about 8 follow-up patients to review and claimed I was seeing too few patients, while they bragged about seeing 9 patients in just 4 hours (which I highly doubt for the simple reason that nurses hadn't provided the files of the patients pending to be seen).
* Nurses disregard my medical orders: I told them about 10 times not to place a reservoir on a cystic fibrosis patient yesterday, yet they did it because ‚Äúa senior doctor‚Äù said so. That leaves me legally exposed.
* Sometimes they lie, saying they ‚Äúdidn‚Äôt know where I was,‚Äù even though I always work in the same spot (I don‚Äôt sit with them because it‚Äôs noisy, and the phone rings constantly).
* When I said goodbye this morning, nobody even replied.

On top of that, the shifts are brutal:

* The 24-hour shifts are¬†**completely sleepless**. After yesterday's shift, I feel drunk, staggering, like a hangover (and I don't even drink).
* They tell me I need to talk to them before going to lunch ‚Äúso the ER isn‚Äôt left unattended,‚Äù but they don‚Äôt do the same for me (it's not all but a few do this)
* I rarely leave on time; I almost always finish much later than scheduled.

I feel like I‚Äôve already been labeled as ‚Äúthe target,‚Äù and nothing I do will change that perception. I‚Äôm mentally and physically exhausted. My plan was to stay until late September to save money and strengthen my clinical knowledge before focusing fully on MIR prep, but I‚Äôm not sure if sacrificing my mental and physical health is worth it.

**What would you do? Should I stay until September or leave now, maybe by the end of July?**

","user_lalalolamaserola","medicine","2025-07-19 19:40:28","32","https://www.reddit.com/r/medicine/comments/1m4524r/am_i_being_too_sensitive/","True","medicine"
"1m3jg6u","Hospitalists: how do you feel about antimicrobial stewardship?","I work in a community hospital. Very soon I'll be able to see every antibiotic prescribed for inpatient. I am in Infectious disease disease trained. Any tips on how to have the conversation with hoists about guidelines and best antimicrobial usage  at our hospital?","user_PercentageFlaky8198","medicine","2025-07-19 01:11:07","25","https://www.reddit.com/r/medicine/comments/1m3jg6u/hospitalists_how_do_you_feel_about_antimicrobial/","True","medicine"
"1m2bp2e","Sarting a new practice. Is it normal for credentialing to feel like a second full time job?","I recently left a hospital group to start my own internal medicine practice. Super excited to finally have control over how I care for patients but wow, the credentialing and billing setup is way more intense than I expected. 

I thought I could handle most of it myself with some research and templates, but it‚Äôs quickly turning into a second full-time job. Between CAQH, Medicare enrollment, figuring out payer portals, and billing software, I barely have time to focus on getting patients in the door. 

Is this just part of the grind when you‚Äôre starting out solo? Or are there ways to offload some of this so I‚Äôm not drowning before I even open? 

Any advice would seriously help.","user_InternalSet17","medicine","2025-07-17 16:10:58","26","https://www.reddit.com/r/medicine/comments/1m2bp2e/sarting_a_new_practice_is_it_normal_for/","True","medicine"
"1m0rtux","What are the indications for prophylactic treatment for COVID positive patients for whom you are concerned about secondary infections?","Is this still practiced? I recall it was popular at the beginning of the pandemic, but sources today tend to say no. Are there are indications, such as coughing up phlegm in an otherwise young and healthy patient, that one would prescribe this for given the possibility of antibiotic resistance following the COVID infection? Some doctors are still prescribing prophylactic azithromycin, for instance.

""there is no scientific justification for the use of azithromycin in the treatment of COVID-19 up to now"" ([PubMed](https://pmc.ncbi.nlm.nih.gov/articles/PMC9404997/#sec7-antibiotics-11-01063))

  
Our findings are in line with available evidence that does not recommend the use of azithromycin as effective treatment for patients with SARS-CoV-2 infection and raise concern on risks associated with inappropriate use of this drug. ([Science Direct](https://www.sciencedirect.com/science/article/pii/S1201971222005045))

  
The NIH recommends **against** the use of antibacterial therapy (e.g., azithromycin, doxycycline) for non hospitalized COVID-19 patients unless there is another medical reason to prescribe an antibiotic. ([Drugs.com](https://www.drugs.com/medical-answers/antibiotics-kill-coronavirus-3534867/))

  
Wondering your 2025 thoughts!","user_RevolutionaryGas936","medicine","2025-07-15 19:50:01","12","https://www.reddit.com/r/medicine/comments/1m0rtux/what_are_the_indications_for_prophylactic/","True","medicine"
"1m00tyo","Ambient AI scribe custom instructions:  Need new mega thread?","Anyone up for sharing their prompt engineering for their scribe?

Most posts on ambient AI scribes I can find online are now outdated (yes, just a few months is old on this topic) as things have continued to advance.  Recent updates have radically improved these products.

If you haven‚Äôt tried it yet it‚Äôs a total game changer.  If you tried it and it felt too much like a prototype give it another go‚ÄîI think you‚Äôll be pleasantly surprised. 

We need a new mega thread. Custom instructions for ambient AI scribes unlock incredible potential but are finicky to prompt engineer‚Äîthe exciting thing though is it only takes one person figuring it out for the entire community to benefit!

Just as people currently share dot phrases/templates I would love to learn from anyone who has been able to build custom instructions for their notes.  I also think having a place where people can show what they‚Äôve made would really help in picking between the sheer number of different options and make it clear which one is the best.  I would expect all the products to steadily improve over time but I anticipate that customization will be the killer edge that helps one of the companies win over the others.

Below is what I‚Äôve been pretty happy with for my A&P (outpatient pediatrics, DAX Copilot), but there is a sense that so much more could be possible.  

{Repeat for each diagnosis}
[Diagnosis] {Do not number the diagnoses}
- [Briefly describe symptoms, signs, or testing to be followed as evidence of disease progression or evidence of disease regression] {If none specified, then delete this entire row and its header}
-   [Briefly describe any analysis and interpretation regarding the patient's condition to determine how well the current treatment plan is working and to identify any necessary adjustments. This could include reviewing medical test results or describing the patient's response to treatment] {If none specified, then delete this entire row and its header}
-   [Briefly describe any clinical judgments and decisions based on the evaluation to address the patient's needs by planning and implementing appropriate interventions. This could include ordering new tests or procedures, discussing the patient's treatment options, or reviewing previous treatments] {If none specified, then delete this entire row and its header}
-   [Briefly describe any related treatments like lifestyle counseling, medications, or referrals. Do not include the name and location of the pharmacy] {If none specified, then delete this entire row and its header}

[Repeat sections above for additional diagnoses]

Follow-up: [Briefly describe when patient will follow up.] {If none specified, then delete this entire row and its header}

{If a well child check is discussed, then put ‚ÄúAll forms, labs, immunizations, and patient concerns reviewed and addressed appropriately.  Screening questions, past medical history, past social history, medications, and growth chart reviewed.  Age-appropriate anticipatory guidance reviewed and printed in AVS. Parent questions addressed.‚Äù}

{If an illness is discussed, then put ‚ÄúRecommended supportive care with OTC medications as needed.  Return precautions given including increasing pain, worsening fever, dehydration, new symptoms, prolonged symptoms, worsening symptoms, and other concerns.  Caregiver expressed understanding and agreement with treatment plan.‚Äù}

{If an ear infection is discussed, then put ‚ÄúRisk of untreated otitis media includes persistent pain and fever, hearing loss, and mastoiditis.‚Äù}

{If a strep test is discussed, then put ‚ÄúRisk of untreated strep throat includes rheumatic fever and peritonsillar abscess.  This problem is moderate risk due to pending lab results which may necessitate further pharmacologic management.‚Äù}

{If dehydration, vomiting, diarrhea, or decreased urination is discussed, then put ‚ÄúPatient is at risk for dehydration, which would warrant emergency room care or admission for IV fluids.‚Äù}

{If trouble breathing is discussed, then put ‚ÄúPatient is at risk for worsening respiratory distress and clinical deterioration, which would need emergency room care or hospital admission.‚Äù}



‚Äî-
Thank you!","user_TheSnowCroow","medicine","2025-07-14 22:35:26","21","https://www.reddit.com/r/medicine/comments/1m00tyo/ambient_ai_scribe_custom_instructions_need_new/","True","medicine"
"1lxbxw2","HHS is now banning any undocumented immigrants from accessing some taxpayer funded programs","[HHS Bans Illegal Aliens from Accessing its Taxpayer-Funded Programs | HHS.gov](https://www.hhs.gov/press-room/prwora-hhs-bans-illegal-aliens-accessing-taxpayer-funded-programs.html)

If these undocumented immigrants are not able to access care, at a health center for example for primary care, they may wait until their health issues worsen and then end up at a hospital ER. If they are unable to pay their ER or hospital bills, the costs may go up for others that use that particular hospital's services. ","user_Kitchen-Rabbit-8455","medicine","2025-07-11 16:49:22","134","https://www.reddit.com/r/medicine/comments/1lxbxw2/hhs_is_now_banning_any_undocumented_immigrants/","True","medicine"
"1lx5fd4","Justice Dept. Demands Patient Details From Trans Medicine Providers","[NYT Gift Article](https://www.nytimes.com/2025/07/10/health/transgender-medicine-minors-trump-subpoena.html?unlocked_article_code=1.Vk8.6SHb.WJRfkh3sTMXC&smid=nytcore-ios-share&referringSource=articleShare)

‚ÄúDoctors and hospitals were subpoenaed for private information on gender-related care for minors, the latest move by the Trump administration to stop the treatments.‚Äù

Scary time to be a pediatrician in America. You can, in good faith and with consent from all parties, follow the guidelines of your professional society and find yourself receiving a subpoena. Whether or not you think the evidence-base of these guidelines is sufficiently robust, I hope we can all agree that science is not advanced by the Justice Department and that the threat of prosecution is unwarranted.","user_FlexorCarpiUlnaris","medicine","2025-07-11 12:19:55","90","https://www.reddit.com/r/medicine/comments/1lx5fd4/justice_dept_demands_patient_details_from_trans/","True","medicine"
"1luwbtd","How important are 12-lead ecg turnaround times in a critical inpatient setting?","For context I work in a hospital with a 100 ICU beds and no unit not even CTICU or CVICU has their own 12-lead ecg machine. Turnaround time for a stat 12-lead can be in the next 5 minutes or I‚Äôve seen up to an hour. 12-leads in our inpatient setting is performed by techs that cover the whole hospital and there are times when we call and they say that they‚Äôre short staffed. When they come they don‚Äôt stay for long so any kind of arrhythmias that are transient often don‚Äôt get captured. They often get annoyed if you ask them to stay and wait. I ask this question because the skill and time necessary to do a 12-lead in a more critical setting can definitely be done by ICU nurses. I‚Äôm trying to find literature specific to this but everything just points to 12-leads in the ED or pre-hospital. I want to propose to our management that patient outcome would improve if we test piloted having ICU nurses do 12-leads in their own units instead of relying on techs.","user_SuzukuKun","medicine","2025-07-08 18:30:02","38","https://www.reddit.com/r/medicine/comments/1luwbtd/how_important_are_12lead_ecg_turnaround_times_in/","True","medicine"
"1luvcgf","PE Death After COVID Visit [‚ö†Ô∏è Med Mal Case]","Case here: https://expertwitness.substack.com/p/death-after-ed-visit-for-covid

21yo goes to ED with shortness of breath, coughing, reproduceable chest pain after being around people with COVID.

Low risk by Geneva, PERC negative, not felt to be ACS.

EKG showed nonspecific changes, CXR reassuring, discharged.

About a week later has exertional syncope at home, EMS comes, he refuses transport.

A few days later has cardiac arrest, codes, PE diagnosed but too late, he dies.

The EKG was super interesting in this case, turns out this pattern is associated with PE.

Defense tried to get lawsuit tossed to COVID liability law but it didn‚Äôt work.

$10,000,000 verdict split between patient (for not following instructions), the hospital, and the ER doctor.

","user_efunkEM","medicine","2025-07-08 17:52:46","266","https://www.reddit.com/r/medicine/comments/1luvcgf/pe_death_after_covid_visit_med_mal_case/","True","medicine"
"1ltgy4b","Hospital Patient Farming","I've recently (over the past few years) run across what I feel is a moral quandary. The hospital I take call in is in is very much hospitalist driven with consults to every service possible.  This often ends up with consultants billing everyday for problems that have long since resolved. 

Since I take call, I am often consulted for non-acute issues in the hospital with the expectation that I see these patients early and often. I have no interest in milking these patients for cash, but I can't shake the expectation from the hospitalists that I take part in this behavior.

I'm sure I can't change ""the system"" but I sure would like to not be an active participant in something that just feels wrong. I'm sure I'm not the only person who has experienced this, any suggestions?  I've tried various avenues with little/no results.","user_DoctorOfDong","medicine","2025-07-07 00:51:13","84","https://www.reddit.com/r/medicine/comments/1ltgy4b/hospital_patient_farming/","True","medicine"
"1lqsn0m","Rural hospitals at risk","Is your hospital considered ""at risk"" according to data from the Cecil G. Sheps Center for Health Services Research at the University of North Carolina at Chapel Hill?

Check here: https://www.markey.senate.gov/imo/media/doc/letter_on_rural_hospitals.pdf

If so, there is a reasonable chance it could be impacted by the budget bill currently being considered by Congress. IT CAN BE VOTED ON WITHIN THE NEXT FEW HOURS. Hakeem Jeffries has been speaking on the floor for six hours in an effort to delay the final vote.

***

PLEASE CONSIDER CALLING your representative in an effort TO STOP THIS BILL.

Call the Capitol Switchboard and ask them to connect you to the office of your House of Representatives member: 202-224-3121.

***

HERE IS A SCRIPT:

Hello, my name is [NAME], I am a [HEALTHCARE WORKER] and one of Representative [NAME OF REP]'s constituents in [DISTRICT ##]. I‚Äôm calling to express my opposition to the One Big Beautiful Bill currently before Congress.

I‚Äôm deeply concerned that this bill will harm rural communities in our district. Several rural hospitals within an hour of Chico are considered ‚Äúat risk‚Äù according to the Cecil G. Sheps Center at UNC. These hospitals are lifelines for our residents, and cuts to Medicaid and Medicare in this bill could push them closer to closure.

Low-income, working families in our district already struggle to access care. Taking money away from poor families to fund tax cuts for the wealthy is wrong. This bill would further burden our most vulnerable neighbors and jeopardize health care access for rural residents.

I urge Representative [NAME] to oppose the One Big Beautiful Bill unless it protects Medicaid funding and safeguards our rural hospitals. Please stand up for working families and the health of our community.

Here is my address: [ADDRESS]

Thank you for your time.





","user_KeHuyQuan","medicine","2025-07-03 15:34:28","67","https://www.reddit.com/r/medicine/comments/1lqsn0m/rural_hospitals_at_risk/","True","medicine"
"1lqgi7o","Big Beautiful Bill and Kidney Patients","[https://www.kidney.org/press-room/big-beautiful-bill-downright-ugly-kidney-patients](https://www.kidney.org/press-room/big-beautiful-bill-downright-ugly-kidney-patients)

Summary:  This tidbit article highlights the barriers to kidney care proposed under changes in Medicaid if this bill passes the House.

One issue it points out is adding a $35 dollar co-pay for each hemodialysis run for those above the poverty line.  So $5500 per year in co-pays.

As I work in a hospital seems like this would increase ER visits from missed runs and admissions for same.  ERs don't generally have dialysis units in them. Clogging up already overburdened departments.  Also death.

I am not a doctor, but who exactly does this benefit?   ","user_Nandiluv","medicine","2025-07-03 04:26:19","74","https://www.reddit.com/r/medicine/comments/1lqgi7o/big_beautiful_bill_and_kidney_patients/","True","medicine"
"1lqg86g","Whose Responsibility is it to Not Allow a Patient to Drive?","So I work in a hospital as a PT.  Patient in for close monitoring after mild brain injury with bilateral frontal lobe contusions with balance impairments and persistent double vision.  Against all recommendations for rehabilitation after hospital stay OR home care ( he said he won't stay home to comply). Hospitalist does not want him driving.  OT did vision testing and recommended no driving. It is documented clearly in all of our notes what his impairments are. I was speaking to the hospitalist and told the patients biggest goal was to go home and be able to drive to the Casino daily.  The hospitalist said all he could do was recommend no driving and that was all he could do.  Then HE asked me what he should do. (new attending).  I haven't a clue. I believe he did eventually talk to another attending about it.   I suggested he discuss with case management also.  The patient did have  county case worker. Now even if DMV is notified, people are gonna probably try to drive. Hospitalists said it wasn't his role to notify DMV but the patients PCP (but he does not have one) This gentleman in particular would likely be such a person to just drive with double vision regardless if DMV temporarily suspends his license.

What typically happens in such situations from hospital setting?

TBH, makes me so much more worried about impaired drivers!!!","user_Nandiluv","medicine","2025-07-03 04:10:43","52","https://www.reddit.com/r/medicine/comments/1lqg86g/whose_responsibility_is_it_to_not_allow_a_patient/","True","medicine"
"1lp3zrg","3 Hospital Administrators arrested for negligence in Lucy Letby probe","https://nypost.com/2025/07/01/world-news/3-hospital-managers-arrested-amid-lucy-letby-probe-after-nurse-convicted-of-killing-7-babies/

My understanding was that there was some question about whether Letby had in fact committed murder or whether she was just extremely unlucky.  Clearly the UK does not consider it questionable: they've just arrested 3 hospital administrators for gross negligence in failing to catch Letby sooner.","user_Falernum","medicine","2025-07-01 15:04:02","157","https://www.reddit.com/r/medicine/comments/1lp3zrg/3_hospital_administrators_arrested_for_negligence/","True","medicine"
"1llb9ih","Health Care Sharing Ministry","Throwaway to keep this as anonymous as possible. Also intentionally vague for the same reason.

So I work at a large children's hospital in the US and am currently involved in the care of a patient with a condition that ultimately will have him in our hospital for several weeks. She needs repeated treatments that are expensive (will probably be around $10,000 just to get the treatment course done), and all the treatments need to be done as an inpatient. She has had (and will continue to get) several MRIs, ongoing ancillary therapists, involvement of several specialists, has spent several days in the ICU and is a high-risk patient that may return, etc. Basically, this kid has an expensive and long hospital course that's going to be followed by an expensive and long bout of acute rehab.
Parents are interesting people. Not unreasonable people at all (with regards to the hospitalization itself) and, in general, incredibly nice and caring parents. They haven't been pushing back on treatment or anything of the sort. Dad stays at home and Mom works, I don't know what she does but the vibe I get is that it isn't necessarily the best paying job.

Nevertheless, I found out today that they do not have insurance. I did digging and I found out that they are involved in a health care sharing ministry plan, and I honestly don't know anything about this nor do I know what it means for the kid. He doesn't have Medicaid or CHIP to my knowledge.

I'm off service tomorrow and I've never encountered this before and I'm genuinely curious on the implications of this on the kid's hospital and rehab course. There were some talks that the HCSM wouldn't cover the rehab, but I guess our LCSW spoke to the HCSM directly and they said they cover it.

Does anyone know anything about these, how they work, and the implications of having this vs just having some really shitty insurance? How are HCSMs when it comes to major hospitalizations with significant costs? What happens to the family if some things aren't covered?","user_axelegal","medicine","2025-06-26 20:49:08","25","https://www.reddit.com/r/medicine/comments/1llb9ih/health_care_sharing_ministry/","True","medicine"
"1ll2usy","Just had the wildest peer-to-peer call and want to vent.","I'm a PM&R attending who works in a private hospital seeing consults and managing patients on the rehab unit. I do many peer to peers with insurance to get patients into rehab; I'm pretty good at them at this point and have a (reasonably) high denial overturn rate.  
  
There have always been a handful of calls where it feels like no matter what I do or say, or how clear cut the case is from my perspective, their decision to deny was made before I picked up the phone. But today was the most egregious example I've ever had.  
  
Call from a managed Medicare medical director about a middle aged gentleman with stroke. Severe aphasia but cooperative, mod-max assist, supportive family - really a slam dunk that I was surprised was denied in the first place, but thought would be an easy overturn.  
  
I pitch my case to the insurance doc. Again, there are zero red flags on his chart that would make him unsuitable for inpatient rehab. And lo and behold, the insurance doc agrees with me! She says ""I 100% agree with you. He absolutely needs inpatient rehab, no question, he meets every criteria.""  
  
Great. As I get ready to move on with my day, she continues: ""Unfortunately, I'm just not empowered to approve him at this time.""  
  
Huh?  
  
I pause for several moments and ask, what do you mean? You just said he meets criteria and absolutely needs rehab. She states ""Like I said, I'm just not empowered to overturn this case. I highly suggest you place an expedited appeal, and I will be rooting for you that it gets overturned.""  
  
I was incredulous. I told her that he was a slam dunk rehab admission and reiterated the facts (as if that would help). I asked, how can you agree with me but not rule in his favor?  
  
She told me ""As an individual I agree, but as a (insurance) representative, I'm not empowered to overturn this request.""  
  
I should have pressed harder but honestly I was so stunned that I just sort of mutely ended the call. I've dealt with a lot of bullshit denials before, but they have always at least had *some* argument, however stupid, for why the services were not required. This was the first time I had someone say, yup, you're exactly right, we just don't care.  
  
What is the point of insurance if they don't help you when you actually need it? What is the point of me doing a peer to peer if the decision was made long before I pick up the phone? Make it make sense.","user_Silverflash-x","medicine","2025-06-26 15:20:07","222","https://www.reddit.com/r/medicine/comments/1ll2usy/just_had_the_wildest_peertopeer_call_and_want_to/","True","medicine"
